{
  "images": [
    {
      "idiom": "mac",
      "size": "16x16",
      "scale": "1x"
    },
    {
      "idiom": "mac",
      "size": "16x16",
      "scale": "2x"
    },
    {
      "idiom": "mac",
      "size": "32x32",
      "scale": "1x"
    },
    {
      "idiom": "mac",
      "size": "32x32",
      "scale": "2x"
    },
    {
      "idiom": "mac",
      "size": "128x128",
      "scale": "1x"
    },
    {
      "idiom": "mac",
      "size": "128x128",
      "scale": "2x"
    },
    {
      "idiom": "mac",
      "size": "256x256",
      "scale": "1x"
    },
    {
      "idiom": "mac",
      "size": "256x256",
      "scale": "2x"
    },
    {
      "idiom": "mac",
      "size": "512x512",
      "scale": "1x"
    },
    {
      "idiom": "mac",
      "size": "512x512",
      "scale": "2x"
    }
  ],
  "info": {
    "version": 1,
    "author": "xcode"
  }
}